{
  "ch4": {
    "current": [
      37.5,
      40,
      42.5,
      45,
      47.5,
      50,
      52.5,
      55,
      57.5,
      60,
      62.5,
      65,
      67.5,
      70,
      72.5,
      75,
      77.5
    ],
    "power": [
      0.73165439338235361,
      2.1068130394857656,
      3.4884828124999991,
      4.81428595041322,
      6.2961610294117643,
      7.7825522935779832,
      9.2815007339449469,
      10.863946494464942,
      12.437337026777456,
      14.088388734995386,
      15.710806244260793,
      17.395180568285976,
      19.137173553719,
      20.765042201834891,
      22.393905330882347,
      24.109400552486179,
      25.796762867647036
    ],
    "zero_current": 0,
    "measurement_factor": 0.6
  },
  "ch3": {
    "current": [
      32.5,
      35,
      37.5,
      40,
      42.5,
      45,
      47.5,
      50,
      52.5,
      55,
      57.5,
      60,
      62.5,
      65,
      67.5,
      70,
      72.5,
      75,
      77.5,
      80,
      82.5,
      85,
      87.5,
      90,
      92.5,
      95,
      97.5,
      100
    ],
    "power": [
      0.0709279348623853,
      1.2222822773186417,
      2.5014199082568798,
      3.775627380952379,
      4.9579000917431193,
      6.20341633027523,
      7.4740144821264884,
      8.7378239010989,
      9.9280219981668214,
      11.098286238532117,
      12.230971533516991,
      13.46007339449541,
      14.54951841620626,
      15.539701011959508,
      16.616392300641603,
      17.744764436296972,
      18.695770852428968,
      19.629424381301558,
      20.722212844036708,
      21.668429487179484,
      22.4997520661157,
      23.42712488521579,
      24.26067373271891,
      25.031673394495417,
      25.90742240587694,
      26.69958011049723,
      27.410529843893475,
      27.367969230769233
    ],
    "zero_current": 0,
    "measurement_factor": 0.8
  },
  "ch1": {
    "current": [
      1200,
      1250,
      1300,
      1350,
      1400,
      1450,
      1500,
      1550,
      1600,
      1650,
      1700,
      1750,
      1800,
      1850,
      1900,
      1950,
      2000,
      2050,
      2100,
      2150,
      2200,
      2250,
      2300,
      2350
    ],
    "power": [
      0.011018571825764599,
      0.11994425116279074,
      0.33632705340699809,
      0.44757949541284409,
      0.51200153775322288,
      0.94177505050505073,
      1.3498650602409632,
      1.7798691312384469,
      2.131487741935485,
      2.5976531249999995,
      3.1312370745170193,
      3.6009414746543786,
      4.1049141804788238,
      4.6497063535911591,
      5.3833682904411777,
      7.1670189686924495,
      9.0779876724931,
      10.963148936170219,
      12.668834259259256,
      14.394909175162191,
      16.536321987120512,
      18.135676767676781,
      20.021965867158666,
      21.596237132352936
    ],
    "zero_current": 1000,
    "measurement_factor": 0.86
  },
  "ch2": {
    "current": [
      102.5,
      105,
      107.5,
      110,
      112.5,
      115,
      117.5,
      120,
      122.5,
      125,
      127.5,
      130,
      132.5,
      135,
      137.5
    ],
    "power": [
      0.3209381834862382,
      0.745236896235077,
      1.834350920810313,
      2.9893244260789711,
      4.1060764436297,
      5.1850212316176467,
      6.2125955004591349,
      7.2781362132352951,
      8.3494555453712174,
      9.39323474264706,
      10.431852805887768,
      11.46612453874539,
      12.352496774193547,
      13.282170506912429,
      14.117630755064464
    ],
    "zero_current": 0,
    "measurement_factor": 0.87
  }
}